RMSE_Close,MAE_Close,MAPE_Close,Directional_Accuracy_Pct,filename
0.8497714159765584,0.7039781784784238,0.3375049100211721,66.66666666666666,prediction_SOL_15min-model=kronos-mini-lookback=504-pred_len=1-temperature=0.9-top_p=0.98-sample_count=2.csv
0.8533106727895258,0.6304576416015596,0.3025784292060665,61.904761904761905,prediction_SOL_15min-model=kronos-mini-lookback=504-pred_len=1-temperature=0.8-top_p=0.96-sample_count=2.csv
0.7783808567853302,0.6100357949803021,0.2926328805926248,59.82905982905983,prediction_SOL_15min-model=kronos-mini-lookback=408-pred_len=1-temperature=0.9-top_p=0.94-sample_count=100.csv
0.9364979249522178,0.7450967074402348,0.35773373816307236,59.82905982905983,prediction_SOL_15min-model=kronos-mini-lookback=408-pred_len=1-temperature=1.1-top_p=0.96-sample_count=2.csv
0.7553250897215783,0.5903646054520566,0.28312830388996546,58.119658119658126,prediction_SOL_15min-model=kronos-mini-lookback=408-pred_len=1-temperature=1.2-top_p=0.9-sample_count=100.csv
0.7601979017146101,0.5955904970870071,0.28571244134603874,58.119658119658126,prediction_SOL_15min-model=kronos-mini-lookback=408-pred_len=1-temperature=1.1-top_p=0.96-sample_count=100.csv
0.7673344795286087,0.5983513561281384,0.28702237472957876,58.119658119658126,prediction_SOL_15min-model=kronos-mini-lookback=408-pred_len=1-temperature=1.1-top_p=0.94-sample_count=100.csv
0.7797448601560029,0.6084078736394856,0.29183895769342805,58.119658119658126,prediction_SOL_15min-model=kronos-mini-lookback=408-pred_len=1-temperature=1.0-top_p=0.92-sample_count=100.csv
0.7799248690268271,0.6178797490568269,0.29633644656077796,58.119658119658126,prediction_SOL_15min-model=kronos-mini-lookback=408-pred_len=1-temperature=0.8-top_p=0.94-sample_count=100.csv
0.7799825756536526,0.6127095559144605,0.29387463304326034,58.119658119658126,prediction_SOL_15min-model=kronos-mini-lookback=408-pred_len=1-temperature=0.8-top_p=0.98-sample_count=100.csv
0.6951349336688403,0.5399743058612092,0.25841953228192066,57.74647887323944,prediction_SOL_15min-model=kronos-mini-lookback=312-pred_len=1-temperature=1.2-top_p=0.96-sample_count=100.csv
0.7168733949880955,0.5522668476516644,0.26434622793217544,57.74647887323944,prediction_SOL_15min-model=kronos-mini-lookback=312-pred_len=1-temperature=0.8-top_p=0.96-sample_count=100.csv
0.7062793055764303,0.5474260961111714,0.2619754321783358,57.27699530516433,prediction_SOL_15min-model=kronos-mini-lookback=312-pred_len=1-temperature=1.2-top_p=1.0-sample_count=100.csv
0.8823375388198287,0.6663204634545516,0.31885843497897476,57.27699530516433,prediction_SOL_15min-model=kronos-mini-lookback=312-pred_len=1-temperature=0.9-top_p=0.98-sample_count=2.csv
0.7529042734717674,0.5929649635249726,0.2844892964172872,57.26495726495726,prediction_SOL_15min-model=kronos-mini-lookback=408-pred_len=1-temperature=1.2-top_p=0.98-sample_count=100.csv
0.7545558071385365,0.592065217681624,0.283981043112563,57.26495726495726,prediction_SOL_15min-model=kronos-mini-lookback=408-pred_len=1-temperature=1.2-top_p=0.94-sample_count=100.csv
0.7742053458061996,0.6109456315521518,0.2930296972494784,57.26495726495726,prediction_SOL_15min-model=kronos-mini-lookback=408-pred_len=1-temperature=0.8-top_p=0.9-sample_count=100.csv
0.7761545582236177,0.6026392020983531,0.28907365245146055,57.26495726495726,prediction_SOL_15min-model=kronos-mini-lookback=408-pred_len=1-temperature=1.1-top_p=0.9-sample_count=100.csv
0.7806704257995739,0.6150252833700566,0.29499407497036534,57.26495726495726,prediction_SOL_15min-model=kronos-mini-lookback=408-pred_len=1-temperature=1.1-top_p=0.92-sample_count=100.csv
0.7872517302099051,0.6142673446264033,0.2947026763111711,57.26495726495726,prediction_SOL_15min-model=kronos-mini-lookback=408-pred_len=1-temperature=0.8-top_p=1.0-sample_count=100.csv
0.7940126576616726,0.623407289997329,0.2990280176256253,57.26495726495726,prediction_SOL_15min-model=kronos-mini-lookback=408-pred_len=1-temperature=0.8-top_p=0.92-sample_count=100.csv
0.9037476163988827,0.7022953154213432,0.3372353493088038,57.26495726495726,prediction_SOL_15min-model=kronos-mini-lookback=408-pred_len=1-temperature=1.0-top_p=0.92-sample_count=2.csv
0.9232527846276121,0.7228453851161871,0.3468245338117406,57.26495726495726,prediction_SOL_15min-model=kronos-mini-lookback=408-pred_len=1-temperature=1.2-top_p=0.96-sample_count=2.csv
0.9472505033817022,0.7448550647703008,0.35787826658339017,57.26495726495726,prediction_SOL_15min-model=kronos-mini-lookback=408-pred_len=1-temperature=0.8-top_p=0.98-sample_count=2.csv
0.8293750383960425,0.6756461007254383,0.32395324092146527,57.14285714285714,prediction_SOL_15min-model=kronos-mini-lookback=504-pred_len=1-temperature=1.2-top_p=0.9-sample_count=2.csv
0.8488718281950708,0.7313405180431538,0.3507067807924708,57.14285714285714,prediction_SOL_15min-model=kronos-mini-lookback=504-pred_len=1-temperature=0.8-top_p=1.0-sample_count=2.csv
0.7142421582031581,0.5525329884417174,0.2644231823775319,56.8075117370892,prediction_SOL_15min-model=kronos-mini-lookback=312-pred_len=1-temperature=0.9-top_p=0.98-sample_count=100.csv
0.7889095487528356,0.5940960735768774,0.28435545809220697,56.8075117370892,prediction_SOL_15min-model=kronos-mini-lookback=312-pred_len=1-temperature=0.8-top_p=0.94-sample_count=2.csv
0.7659683898835832,0.6016591846955125,0.28855802275268083,56.41025641025641,prediction_SOL_15min-model=kronos-mini-lookback=408-pred_len=1-temperature=1.0-top_p=0.94-sample_count=100.csv
0.7747791190007288,0.6157273207966062,0.29534809544757334,56.41025641025641,prediction_SOL_15min-model=kronos-mini-lookback=408-pred_len=1-temperature=0.9-top_p=0.92-sample_count=100.csv
0.7750068454268945,0.6055210662059325,0.2904818493185481,56.41025641025641,prediction_SOL_15min-model=kronos-mini-lookback=408-pred_len=1-temperature=1.0-top_p=1.0-sample_count=100.csv
0.7752248468924747,0.6093220911792181,0.29222043854111907,56.41025641025641,prediction_SOL_15min-model=kronos-mini-lookback=408-pred_len=1-temperature=0.9-top_p=0.96-sample_count=100.csv
0.7783949758125017,0.6023384072849909,0.2889492617297763,56.41025641025641,prediction_SOL_15min-model=kronos-mini-lookback=408-pred_len=1-temperature=1.2-top_p=0.92-sample_count=100.csv
0.7812326864965065,0.6101950973641167,0.2927378025665812,56.41025641025641,prediction_SOL_15min-model=kronos-mini-lookback=408-pred_len=1-temperature=0.9-top_p=1.0-sample_count=100.csv
0.7832830127317667,0.611787360610311,0.2934585199204158,56.41025641025641,prediction_SOL_15min-model=kronos-mini-lookback=408-pred_len=1-temperature=0.9-top_p=0.9-sample_count=100.csv
0.7871229101200469,0.6198104166666667,0.2972608548442905,56.41025641025641,prediction_SOL_15min-model=kronos-mini-lookback=408-pred_len=1-temperature=0.8-top_p=0.96-sample_count=100.csv
0.8780421855842514,0.6904905200403991,0.3311309673961051,56.41025641025641,prediction_SOL_15min-model=kronos-mini-lookback=408-pred_len=1-temperature=0.9-top_p=0.96-sample_count=2.csv
0.9370513016963533,0.7457768519214104,0.3579611992467191,56.41025641025641,prediction_SOL_15min-model=kronos-mini-lookback=408-pred_len=1-temperature=0.9-top_p=0.92-sample_count=2.csv
1.0049111883115929,0.7456386820996928,0.35836867806107264,56.41025641025641,prediction_SOL_15min-model=kronos-mini-lookback=408-pred_len=1-temperature=1.0-top_p=0.98-sample_count=2.csv
1.096072073751288,0.7502219751602569,0.36006783751298294,56.41025641025641,prediction_SOL_15min-model=kronos-mini-lookback=408-pred_len=1-temperature=0.8-top_p=1.0-sample_count=2.csv
0.7098555740979753,0.5537309331902867,0.26501045066684276,55.86854460093896,prediction_SOL_15min-model=kronos-mini-lookback=312-pred_len=1-temperature=1.1-top_p=0.9-sample_count=100.csv
0.7164074920659447,0.5547425671214768,0.2655387959386424,55.86854460093896,prediction_SOL_15min-model=kronos-mini-lookback=312-pred_len=1-temperature=0.9-top_p=0.9-sample_count=100.csv
0.8000339786245305,0.6298438133848664,0.3014323282370471,55.86854460093896,prediction_SOL_15min-model=kronos-mini-lookback=312-pred_len=1-temperature=1.0-top_p=0.98-sample_count=2.csv
0.8193695766068264,0.6498660939104662,0.31102173051112336,55.86854460093896,prediction_SOL_15min-model=kronos-mini-lookback=312-pred_len=1-temperature=1.0-top_p=0.9-sample_count=2.csv
0.7973823971066725,0.6119080852422132,0.29505186498827696,55.663430420711975,prediction_SOL_15min-model=kronos-mini-lookback=216-pred_len=1-temperature=0.9-top_p=0.98-sample_count=2.csv
0.7629853607591429,0.5989406855134883,0.2872541069244475,55.55555555555556,prediction_SOL_15min-model=kronos-mini-lookback=408-pred_len=1-temperature=1.2-top_p=0.96-sample_count=100.csv
0.7709850265942324,0.6045427588307969,0.28994772232191096,55.55555555555556,prediction_SOL_15min-model=kronos-mini-lookback=408-pred_len=1-temperature=1.0-top_p=0.96-sample_count=100.csv
0.7764174767608989,0.6043576146834927,0.2898923388384328,55.55555555555556,prediction_SOL_15min-model=kronos-mini-lookback=408-pred_len=1-temperature=0.9-top_p=0.98-sample_count=100.csv
0.926899681327827,0.7138466721754809,0.3424236435671008,55.55555555555556,prediction_SOL_15min-model=kronos-mini-lookback=408-pred_len=1-temperature=1.0-top_p=0.9-sample_count=2.csv
0.7833528817256578,0.6028152109925142,0.2884528838956147,55.39906103286385,prediction_SOL_15min-model=kronos-mini-lookback=312-pred_len=1-temperature=1.1-top_p=0.96-sample_count=2.csv
0.8617542334775045,0.6586281957205476,0.3152104607691677,55.39906103286385,prediction_SOL_15min-model=kronos-mini-lookback=312-pred_len=1-temperature=1.1-top_p=0.9-sample_count=2.csv
0.7082359174687107,0.5476816121992362,0.2621249356295006,54.929577464788736,prediction_SOL_15min-model=kronos-mini-lookback=312-pred_len=1-temperature=0.9-top_p=0.96-sample_count=100.csv
0.7084099797745504,0.552273361506931,0.26435323443042696,54.929577464788736,prediction_SOL_15min-model=kronos-mini-lookback=312-pred_len=1-temperature=0.8-top_p=0.94-sample_count=100.csv
0.7096658984219415,0.5479723553724676,0.26223519541126467,54.929577464788736,prediction_SOL_15min-model=kronos-mini-lookback=312-pred_len=1-temperature=0.9-top_p=1.0-sample_count=100.csv
0.7174219435025675,0.5511826277325401,0.26384844170990523,54.929577464788736,prediction_SOL_15min-model=kronos-mini-lookback=312-pred_len=1-temperature=0.8-top_p=1.0-sample_count=100.csv
0.7753895185465017,0.5977730480211972,0.28606526989080266,54.929577464788736,prediction_SOL_15min-model=kronos-mini-lookback=312-pred_len=1-temperature=0.8-top_p=0.98-sample_count=2.csv
0.705115820249908,0.534585562517544,0.26265614529441206,54.890219560878236,prediction_SOL_15min-model=kronos-mini-lookback=24-pred_len=1-temperature=0.9-top_p=0.92-sample_count=100.csv
0.7216499496560947,0.5484786299471381,0.26957564454346855,54.890219560878236,prediction_SOL_15min-model=kronos-mini-lookback=24-pred_len=1-temperature=1.2-top_p=1.0-sample_count=100.csv
0.7654025281421566,0.5974179887820502,0.28649046798000144,54.700854700854705,prediction_SOL_15min-model=kronos-mini-lookback=408-pred_len=1-temperature=1.0-top_p=0.9-sample_count=100.csv
0.774067710486322,0.6095576952290328,0.29241530579091507,54.700854700854705,prediction_SOL_15min-model=kronos-mini-lookback=408-pred_len=1-temperature=1.1-top_p=0.98-sample_count=100.csv
0.9079270703514027,0.6895347443409499,0.3308791617665871,54.700854700854705,prediction_SOL_15min-model=kronos-mini-lookback=408-pred_len=1-temperature=0.8-top_p=0.94-sample_count=2.csv
0.7112241183478358,0.5515453570871839,0.26399126218337443,54.460093896713616,prediction_SOL_15min-model=kronos-mini-lookback=312-pred_len=1-temperature=1.0-top_p=0.9-sample_count=100.csv
0.7133914526042338,0.5541304160247935,0.26520178298680613,54.460093896713616,prediction_SOL_15min-model=kronos-mini-lookback=312-pred_len=1-temperature=0.8-top_p=0.92-sample_count=100.csv
0.7149084207973743,0.5523917043766531,0.2644106967606419,54.460093896713616,prediction_SOL_15min-model=kronos-mini-lookback=312-pred_len=1-temperature=0.9-top_p=0.92-sample_count=100.csv
0.7170624122542204,0.5556328551386427,0.2659197461557803,54.460093896713616,prediction_SOL_15min-model=kronos-mini-lookback=312-pred_len=1-temperature=0.8-top_p=0.9-sample_count=100.csv
0.8676897808193664,0.6775562644421209,0.3242005954618687,54.460093896713616,prediction_SOL_15min-model=kronos-mini-lookback=312-pred_len=1-temperature=1.0-top_p=1.0-sample_count=2.csv
0.8996480419467348,0.6958783199686405,0.3329886421625902,54.460093896713616,prediction_SOL_15min-model=kronos-mini-lookback=312-pred_len=1-temperature=1.1-top_p=0.98-sample_count=2.csv
0.8031657905235136,0.6156248948378088,0.29693892856508397,54.36893203883495,prediction_SOL_15min-model=kronos-mini-lookback=216-pred_len=1-temperature=0.9-top_p=0.94-sample_count=2.csv
0.8036869814830786,0.6287029476227477,0.3033492549611104,54.36893203883495,prediction_SOL_15min-model=kronos-mini-lookback=216-pred_len=1-temperature=1.1-top_p=0.9-sample_count=2.csv
0.7571430237858465,0.5828490145761007,0.2824292517781823,54.32098765432099,prediction_SOL_15min-model=kronos-mini-lookback=120-pred_len=1-temperature=1.0-top_p=0.9-sample_count=2.csv
0.7185712707985232,0.5488142244807264,0.26971404472196475,54.091816367265466,prediction_SOL_15min-model=kronos-mini-lookback=24-pred_len=1-temperature=1.2-top_p=0.96-sample_count=100.csv
0.694671303483246,0.5442697305920063,0.2624580067782966,54.0453074433657,prediction_SOL_15min-model=kronos-mini-lookback=216-pred_len=1-temperature=0.8-top_p=1.0-sample_count=100.csv
0.8609712647967541,0.6581649983723948,0.3175094312019683,54.0453074433657,prediction_SOL_15min-model=kronos-mini-lookback=216-pred_len=1-temperature=1.2-top_p=0.98-sample_count=2.csv
0.7074628679063549,0.5504191896823626,0.2634477810964322,53.990610328638496,prediction_SOL_15min-model=kronos-mini-lookback=312-pred_len=1-temperature=1.0-top_p=1.0-sample_count=100.csv
0.7098507295823462,0.5490372517330526,0.26276763544876536,53.990610328638496,prediction_SOL_15min-model=kronos-mini-lookback=312-pred_len=1-temperature=1.2-top_p=0.94-sample_count=100.csv
0.7109171128202266,0.553550659408927,0.2649452653645191,53.990610328638496,prediction_SOL_15min-model=kronos-mini-lookback=312-pred_len=1-temperature=1.0-top_p=0.94-sample_count=100.csv
0.7115963116752132,0.5521023570459201,0.26423412181632877,53.990610328638496,prediction_SOL_15min-model=kronos-mini-lookback=312-pred_len=1-temperature=0.9-top_p=0.94-sample_count=100.csv
0.722242472545726,0.5599379226039838,0.26798114444402116,53.990610328638496,prediction_SOL_15min-model=kronos-mini-lookback=312-pred_len=1-temperature=1.1-top_p=1.0-sample_count=100.csv
0.8105745673828793,0.625753833695531,0.29939259596749146,53.990610328638496,prediction_SOL_15min-model=kronos-mini-lookback=312-pred_len=1-temperature=1.0-top_p=0.94-sample_count=2.csv
0.8338449518103446,0.6502790662595365,0.3113261309033402,53.990610328638496,prediction_SOL_15min-model=kronos-mini-lookback=312-pred_len=1-temperature=0.8-top_p=1.0-sample_count=2.csv
0.843621695171524,0.6614021533661623,0.3164527456791726,53.990610328638496,prediction_SOL_15min-model=kronos-mini-lookback=312-pred_len=1-temperature=1.0-top_p=0.96-sample_count=2.csv
0.7611447904007397,0.6026816272702987,0.289120530822115,53.84615384615385,prediction_SOL_15min-model=kronos-mini-lookback=408-pred_len=1-temperature=1.1-top_p=1.0-sample_count=100.csv
0.8773195855329382,0.6763349262987455,0.3246748202953399,53.84615384615385,prediction_SOL_15min-model=kronos-mini-lookback=408-pred_len=1-temperature=1.1-top_p=0.94-sample_count=2.csv
0.9081629732717651,0.7265762044270827,0.34844692574983704,53.84615384615385,prediction_SOL_15min-model=kronos-mini-lookback=408-pred_len=1-temperature=1.2-top_p=0.92-sample_count=2.csv
0.9807199200773666,0.7662335603632475,0.36716561922479085,53.84615384615385,prediction_SOL_15min-model=kronos-mini-lookback=408-pred_len=1-temperature=1.2-top_p=0.98-sample_count=2.csv
0.6866137639675989,0.5365863023677707,0.2587990632928147,53.72168284789643,prediction_SOL_15min-model=kronos-mini-lookback=216-pred_len=1-temperature=1.1-top_p=0.98-sample_count=100.csv
0.7085990156384143,0.5385965769145302,0.26459999760779646,53.69261477045908,prediction_SOL_15min-model=kronos-mini-lookback=24-pred_len=1-temperature=0.8-top_p=1.0-sample_count=100.csv
0.7667630131239326,0.5737972386769434,0.28197053788023774,53.69261477045908,prediction_SOL_15min-model=kronos-mini-lookback=24-pred_len=1-temperature=0.9-top_p=0.96-sample_count=2.csv
0.7097700514107093,0.5552772081545236,0.2657632378604695,53.52112676056338,prediction_SOL_15min-model=kronos-mini-lookback=312-pred_len=1-temperature=1.1-top_p=0.96-sample_count=100.csv
0.709816201520612,0.5532435780699826,0.26477861046239626,53.52112676056338,prediction_SOL_15min-model=kronos-mini-lookback=312-pred_len=1-temperature=1.1-top_p=0.92-sample_count=100.csv
0.715765122894232,0.5443884957136512,0.2674813094894976,53.49301397205589,prediction_SOL_15min-model=kronos-mini-lookback=24-pred_len=1-temperature=1.0-top_p=0.96-sample_count=100.csv
0.7158459495924839,0.5429432663481633,0.26681250682472685,53.49301397205589,prediction_SOL_15min-model=kronos-mini-lookback=24-pred_len=1-temperature=1.1-top_p=0.92-sample_count=100.csv
0.7192267112768735,0.5464658715284281,0.26848724554776215,53.49301397205589,prediction_SOL_15min-model=kronos-mini-lookback=24-pred_len=1-temperature=1.2-top_p=0.98-sample_count=100.csv
0.7050192730209047,0.5382148791284618,0.26438161370564955,53.293413173652695,prediction_SOL_15min-model=kronos-mini-lookback=24-pred_len=1-temperature=0.9-top_p=0.96-sample_count=100.csv
0.7106644911921108,0.5413931395509757,0.2659739700496627,53.293413173652695,prediction_SOL_15min-model=kronos-mini-lookback=24-pred_len=1-temperature=0.9-top_p=1.0-sample_count=100.csv
0.8155677422035833,0.6142057233189872,0.30173938906440495,53.293413173652695,prediction_SOL_15min-model=kronos-mini-lookback=24-pred_len=1-temperature=1.1-top_p=1.0-sample_count=2.csv
0.750969928238747,0.5704241562285572,0.2801351795192573,53.093812375249506,prediction_SOL_15min-model=kronos-mini-lookback=24-pred_len=1-temperature=0.8-top_p=0.96-sample_count=2.csv
0.7709311726602857,0.5900531768494259,0.28971105334923525,53.093812375249506,prediction_SOL_15min-model=kronos-mini-lookback=24-pred_len=1-temperature=1.0-top_p=1.0-sample_count=2.csv
0.8241655271264291,0.6526131831196902,0.3148649212144001,53.07443365695793,prediction_SOL_15min-model=kronos-mini-lookback=216-pred_len=1-temperature=1.1-top_p=0.98-sample_count=2.csv
0.6957640019810873,0.5411504172168426,0.2589456448605555,53.051643192488264,prediction_SOL_15min-model=kronos-mini-lookback=312-pred_len=1-temperature=1.2-top_p=0.98-sample_count=100.csv
0.7081652080181975,0.5502835225709692,0.26337774608246967,53.051643192488264,prediction_SOL_15min-model=kronos-mini-lookback=312-pred_len=1-temperature=1.2-top_p=0.9-sample_count=100.csv
0.714703925325555,0.5551845309978352,0.2656811931203301,53.051643192488264,prediction_SOL_15min-model=kronos-mini-lookback=312-pred_len=1-temperature=1.0-top_p=0.96-sample_count=100.csv
0.8061932234923935,0.6283988275518984,0.3007557324139103,53.051643192488264,prediction_SOL_15min-model=kronos-mini-lookback=312-pred_len=1-temperature=0.9-top_p=0.94-sample_count=2.csv
0.8389950628336085,0.6225873335717426,0.2982235427453521,53.051643192488264,prediction_SOL_15min-model=kronos-mini-lookback=312-pred_len=1-temperature=0.9-top_p=0.9-sample_count=2.csv
0.913364131629138,0.7099219062912615,0.33980094488162504,53.051643192488264,prediction_SOL_15min-model=kronos-mini-lookback=312-pred_len=1-temperature=0.9-top_p=1.0-sample_count=2.csv
0.7667553365915019,0.6036635264339664,0.289591971414015,52.991452991452995,prediction_SOL_15min-model=kronos-mini-lookback=408-pred_len=1-temperature=1.2-top_p=1.0-sample_count=100.csv
0.7831897586985559,0.6201190354567311,0.2974917093019993,52.991452991452995,prediction_SOL_15min-model=kronos-mini-lookback=408-pred_len=1-temperature=1.0-top_p=0.98-sample_count=100.csv
0.8543770721129959,0.6883638542501329,0.33036835762193,52.991452991452995,prediction_SOL_15min-model=kronos-mini-lookback=408-pred_len=1-temperature=0.9-top_p=0.9-sample_count=2.csv
0.9066094261794032,0.6914346107939353,0.3316498295446362,52.991452991452995,prediction_SOL_15min-model=kronos-mini-lookback=408-pred_len=1-temperature=1.0-top_p=0.94-sample_count=2.csv
0.9192985932947301,0.7266132470285772,0.3488041642286402,52.991452991452995,prediction_SOL_15min-model=kronos-mini-lookback=408-pred_len=1-temperature=0.8-top_p=0.9-sample_count=2.csv
0.7194440528791326,0.5493182806749781,0.2699851558704722,52.8942115768463,prediction_SOL_15min-model=kronos-mini-lookback=24-pred_len=1-temperature=1.2-top_p=0.94-sample_count=100.csv
0.7338678581071931,0.5609306102309992,0.2716994277968405,52.8395061728395,prediction_SOL_15min-model=kronos-mini-lookback=120-pred_len=1-temperature=1.1-top_p=0.92-sample_count=2.csv
0.6841914012580728,0.5367634572050703,0.25889495794067413,52.75080906148867,prediction_SOL_15min-model=kronos-mini-lookback=216-pred_len=1-temperature=1.1-top_p=1.0-sample_count=100.csv
0.6932727912027018,0.5480989573852164,0.26435149030841176,52.75080906148867,prediction_SOL_15min-model=kronos-mini-lookback=216-pred_len=1-temperature=0.8-top_p=0.92-sample_count=100.csv
0.812158451721352,0.6610211650169385,0.31878550709400516,52.75080906148867,prediction_SOL_15min-model=kronos-mini-lookback=216-pred_len=1-temperature=1.1-top_p=0.96-sample_count=2.csv
0.7083474782936188,0.5389694249684223,0.26488286918602766,52.69461077844312,prediction_SOL_15min-model=kronos-mini-lookback=24-pred_len=1-temperature=1.1-top_p=0.9-sample_count=100.csv
0.7519504747663048,0.5765544255726838,0.283465635463893,52.69461077844312,prediction_SOL_15min-model=kronos-mini-lookback=24-pred_len=1-temperature=0.8-top_p=0.98-sample_count=2.csv
0.7063458812647981,0.5475200277838894,0.2620258768554736,52.58215962441315,prediction_SOL_15min-model=kronos-mini-lookback=312-pred_len=1-temperature=1.1-top_p=0.98-sample_count=100.csv
0.7078770014979615,0.5521712047021698,0.2642720327429291,52.58215962441315,prediction_SOL_15min-model=kronos-mini-lookback=312-pred_len=1-temperature=1.2-top_p=0.92-sample_count=100.csv
0.708262183076424,0.5547079025913282,0.26551967696241024,52.58215962441315,prediction_SOL_15min-model=kronos-mini-lookback=312-pred_len=1-temperature=1.0-top_p=0.92-sample_count=100.csv
0.7088717726237717,0.5518641846849294,0.2640823798916702,52.58215962441315,prediction_SOL_15min-model=kronos-mini-lookback=312-pred_len=1-temperature=1.1-top_p=0.94-sample_count=100.csv
0.7089345042517462,0.5550284168225476,0.26564165140267615,52.58215962441315,prediction_SOL_15min-model=kronos-mini-lookback=312-pred_len=1-temperature=1.0-top_p=0.98-sample_count=100.csv
0.8089654431045745,0.6377536327666516,0.3054243207610838,52.58215962441315,prediction_SOL_15min-model=kronos-mini-lookback=312-pred_len=1-temperature=0.8-top_p=0.9-sample_count=2.csv
0.7079596326435615,0.5385787662955326,0.26459761235571544,52.49500998003992,prediction_SOL_15min-model=kronos-mini-lookback=24-pred_len=1-temperature=0.8-top_p=0.94-sample_count=100.csv
0.708725070389805,0.5387403698462446,0.2646390353994368,52.49500998003992,prediction_SOL_15min-model=kronos-mini-lookback=24-pred_len=1-temperature=0.8-top_p=0.9-sample_count=100.csv
0.7121241329225717,0.5419718668619802,0.26635088526425477,52.49500998003992,prediction_SOL_15min-model=kronos-mini-lookback=24-pred_len=1-temperature=1.1-top_p=0.94-sample_count=100.csv
0.7410135913001807,0.5612808176615518,0.2757031222935353,52.49500998003992,prediction_SOL_15min-model=kronos-mini-lookback=24-pred_len=1-temperature=0.8-top_p=0.92-sample_count=2.csv
0.7958962603072328,0.5943968467362138,0.2921314603097257,52.49500998003992,prediction_SOL_15min-model=kronos-mini-lookback=24-pred_len=1-temperature=1.1-top_p=0.9-sample_count=2.csv
0.7000169660759908,0.550033049292703,0.26524329016307746,52.42718446601942,prediction_SOL_15min-model=kronos-mini-lookback=216-pred_len=1-temperature=0.8-top_p=0.94-sample_count=100.csv
0.7079214408476269,0.6219988548642122,0.2981938884407418,52.38095238095239,prediction_SOL_15min-model=kronos-mini-lookback=504-pred_len=1-temperature=1.2-top_p=0.92-sample_count=100.csv
0.7447290677151969,0.6336645624069964,0.3038331441984129,52.38095238095239,prediction_SOL_15min-model=kronos-mini-lookback=504-pred_len=1-temperature=1.0-top_p=1.0-sample_count=100.csv
0.7448270930235372,0.6117032819475439,0.29339322710465293,52.38095238095239,prediction_SOL_15min-model=kronos-mini-lookback=504-pred_len=1-temperature=0.8-top_p=0.9-sample_count=2.csv
0.756658777927733,0.6446218261718787,0.30906674216581204,52.38095238095239,prediction_SOL_15min-model=kronos-mini-lookback=504-pred_len=1-temperature=1.1-top_p=0.92-sample_count=100.csv
0.7764660292453661,0.649086111886159,0.31121539908244594,52.38095238095239,prediction_SOL_15min-model=kronos-mini-lookback=504-pred_len=1-temperature=0.9-top_p=0.9-sample_count=100.csv
0.7938325769410579,0.6671510649181598,0.31985157009432735,52.38095238095239,prediction_SOL_15min-model=kronos-mini-lookback=504-pred_len=1-temperature=0.9-top_p=0.92-sample_count=100.csv
0.8317341617461894,0.6711639113653296,0.3213939245284011,52.38095238095239,prediction_SOL_15min-model=kronos-mini-lookback=504-pred_len=1-temperature=0.9-top_p=0.94-sample_count=2.csv
0.8607117421060676,0.7065636742001538,0.3390761913274471,52.38095238095239,prediction_SOL_15min-model=kronos-mini-lookback=504-pred_len=1-temperature=0.9-top_p=0.9-sample_count=2.csv
0.9234533090932041,0.7577846563430098,0.3633283219607312,52.38095238095239,prediction_SOL_15min-model=kronos-mini-lookback=504-pred_len=1-temperature=1.0-top_p=1.0-sample_count=2.csv
0.9296882177520915,0.7887244175502282,0.37822031479215795,52.38095238095239,prediction_SOL_15min-model=kronos-mini-lookback=504-pred_len=1-temperature=0.8-top_p=0.92-sample_count=2.csv
0.9322652589450696,0.7623052164713586,0.3650945441574917,52.38095238095239,prediction_SOL_15min-model=kronos-mini-lookback=504-pred_len=1-temperature=1.2-top_p=0.98-sample_count=2.csv
0.7561919192190983,0.5816926392505789,0.28194531113171956,52.345679012345684,prediction_SOL_15min-model=kronos-mini-lookback=120-pred_len=1-temperature=1.1-top_p=0.96-sample_count=2.csv
0.7075785698329602,0.5388790962995874,0.2647029500384609,52.29540918163673,prediction_SOL_15min-model=kronos-mini-lookback=24-pred_len=1-temperature=0.8-top_p=0.98-sample_count=100.csv
0.7109677875866712,0.5410027187324576,0.26584270376029584,52.29540918163673,prediction_SOL_15min-model=kronos-mini-lookback=24-pred_len=1-temperature=1.0-top_p=0.9-sample_count=100.csv
0.7171677351269168,0.5452454639061725,0.26800735061448844,52.29540918163673,prediction_SOL_15min-model=kronos-mini-lookback=24-pred_len=1-temperature=1.2-top_p=0.9-sample_count=100.csv
0.72021785845499,0.5468858528548363,0.26882719985905706,52.29540918163673,prediction_SOL_15min-model=kronos-mini-lookback=24-pred_len=1-temperature=1.1-top_p=0.98-sample_count=100.csv
0.7571884982936262,0.5807018127319582,0.28512198974256286,52.29540918163673,prediction_SOL_15min-model=kronos-mini-lookback=24-pred_len=1-temperature=0.9-top_p=0.98-sample_count=2.csv
0.8829373669559523,0.7020775826739444,0.33664907214648015,52.13675213675214,prediction_SOL_15min-model=kronos-mini-lookback=408-pred_len=1-temperature=1.0-top_p=1.0-sample_count=2.csv
0.8882783454839162,0.6969018275073445,0.3342288896912391,52.13675213675214,prediction_SOL_15min-model=kronos-mini-lookback=408-pred_len=1-temperature=1.1-top_p=0.98-sample_count=2.csv
0.890374032900989,0.6917417046440988,0.3317802647384157,52.13675213675214,prediction_SOL_15min-model=kronos-mini-lookback=408-pred_len=1-temperature=0.9-top_p=1.0-sample_count=2.csv
0.9016556775751671,0.7022524462055973,0.33699268893202955,52.13675213675214,prediction_SOL_15min-model=kronos-mini-lookback=408-pred_len=1-temperature=1.2-top_p=0.9-sample_count=2.csv
0.6924611899041783,0.5380268750632089,0.2594228007644721,52.103559870550164,prediction_SOL_15min-model=kronos-mini-lookback=216-pred_len=1-temperature=1.0-top_p=1.0-sample_count=100.csv
0.7633455006385028,0.6002753780624238,0.28980826206526794,52.103559870550164,prediction_SOL_15min-model=kronos-mini-lookback=216-pred_len=1-temperature=1.0-top_p=0.98-sample_count=2.csv
0.7690976345390735,0.6139265026104858,0.2962595465882258,52.103559870550164,prediction_SOL_15min-model=kronos-mini-lookback=216-pred_len=1-temperature=1.0-top_p=0.9-sample_count=2.csv
0.70672417773855,0.5398925157497517,0.26520925345173874,52.09580838323353,prediction_SOL_15min-model=kronos-mini-lookback=24-pred_len=1-temperature=0.9-top_p=0.94-sample_count=100.csv
0.708969266886707,0.5385293365904902,0.26461939084109204,52.09580838323353,prediction_SOL_15min-model=kronos-mini-lookback=24-pred_len=1-temperature=0.9-top_p=0.98-sample_count=100.csv
0.7151198517552797,0.5459046094822066,0.268233517051685,52.09580838323353,prediction_SOL_15min-model=kronos-mini-lookback=24-pred_len=1-temperature=1.1-top_p=0.96-sample_count=100.csv
0.7642788295999688,0.5808665944965531,0.28541793102768326,52.09580838323353,prediction_SOL_15min-model=kronos-mini-lookback=24-pred_len=1-temperature=0.8-top_p=0.94-sample_count=2.csv
0.7911072399422164,0.5946197282680736,0.2919965440610607,52.09580838323353,prediction_SOL_15min-model=kronos-mini-lookback=24-pred_len=1-temperature=1.2-top_p=0.9-sample_count=2.csv
0.7969808508707941,0.6051214598634773,0.2972278686084727,52.09580838323353,prediction_SOL_15min-model=kronos-mini-lookback=24-pred_len=1-temperature=1.2-top_p=0.98-sample_count=2.csv
0.7043328592944452,0.5383725902686823,0.2644916186877643,51.896207584830336,prediction_SOL_15min-model=kronos-mini-lookback=24-pred_len=1-temperature=1.0-top_p=0.92-sample_count=100.csv
0.7086651814458698,0.5398282570600991,0.2652033171138712,51.896207584830336,prediction_SOL_15min-model=kronos-mini-lookback=24-pred_len=1-temperature=0.8-top_p=0.96-sample_count=100.csv
0.7107898865584759,0.5401196932307255,0.2653400281708948,51.896207584830336,prediction_SOL_15min-model=kronos-mini-lookback=24-pred_len=1-temperature=0.8-top_p=0.92-sample_count=100.csv
0.7118510698640087,0.5422157258237426,0.2664294667984304,51.896207584830336,prediction_SOL_15min-model=kronos-mini-lookback=24-pred_len=1-temperature=1.0-top_p=1.0-sample_count=100.csv
0.71209343902104,0.5423307028521084,0.26648567495298175,51.896207584830336,prediction_SOL_15min-model=kronos-mini-lookback=24-pred_len=1-temperature=1.0-top_p=0.94-sample_count=100.csv
0.7752261258753879,0.5921706762256751,0.29094457162699505,51.896207584830336,prediction_SOL_15min-model=kronos-mini-lookback=24-pred_len=1-temperature=1.1-top_p=0.92-sample_count=2.csv
0.689249351559777,0.5456899096442648,0.2631709848081781,51.7799352750809,prediction_SOL_15min-model=kronos-mini-lookback=216-pred_len=1-temperature=1.0-top_p=0.92-sample_count=100.csv
0.6907242341117363,0.5413154196532403,0.2610673884153272,51.7799352750809,prediction_SOL_15min-model=kronos-mini-lookback=216-pred_len=1-temperature=0.9-top_p=0.96-sample_count=100.csv
0.699220121572774,0.5489206746814334,0.26476360517813496,51.7799352750809,prediction_SOL_15min-model=kronos-mini-lookback=216-pred_len=1-temperature=0.9-top_p=0.94-sample_count=100.csv
0.7015274316751696,0.5539355064219259,0.26717202073362256,51.7799352750809,prediction_SOL_15min-model=kronos-mini-lookback=216-pred_len=1-temperature=0.8-top_p=0.98-sample_count=100.csv
0.7099350575204842,0.5406850121046965,0.26563703007839323,51.69660678642715,prediction_SOL_15min-model=kronos-mini-lookback=24-pred_len=1-temperature=1.0-top_p=0.98-sample_count=100.csv
0.718218801692219,0.5449541922015344,0.2678215884973306,51.69660678642715,prediction_SOL_15min-model=kronos-mini-lookback=24-pred_len=1-temperature=1.1-top_p=1.0-sample_count=100.csv
0.7771021499486855,0.5917564334709489,0.2907547737106163,51.69660678642715,prediction_SOL_15min-model=kronos-mini-lookback=24-pred_len=1-temperature=1.2-top_p=0.92-sample_count=2.csv
0.7141301866213592,0.5500016582077097,0.26324744585333365,51.64319248826291,prediction_SOL_15min-model=kronos-mini-lookback=312-pred_len=1-temperature=0.8-top_p=0.98-sample_count=100.csv
0.7986947305339225,0.6306018203950237,0.30160679401345813,51.64319248826291,prediction_SOL_15min-model=kronos-mini-lookback=312-pred_len=1-temperature=0.9-top_p=0.92-sample_count=2.csv
0.8059126006665289,0.629550288040086,0.30144335866621297,51.64319248826291,prediction_SOL_15min-model=kronos-mini-lookback=312-pred_len=1-temperature=0.8-top_p=0.92-sample_count=2.csv
0.9059819313828034,0.6946427440947756,0.3324928920716367,51.64319248826291,prediction_SOL_15min-model=kronos-mini-lookback=312-pred_len=1-temperature=1.1-top_p=1.0-sample_count=2.csv
0.7385979541942416,0.565699672610439,0.2744201356197883,51.60493827160494,prediction_SOL_15min-model=kronos-mini-lookback=120-pred_len=1-temperature=0.8-top_p=0.96-sample_count=2.csv
0.7887982574658875,0.6147511191285687,0.2980388978492206,51.60493827160494,prediction_SOL_15min-model=kronos-mini-lookback=120-pred_len=1-temperature=1.2-top_p=1.0-sample_count=2.csv
0.7870730861851031,0.608044018944533,0.2986829900782567,51.49700598802395,prediction_SOL_15min-model=kronos-mini-lookback=24-pred_len=1-temperature=1.2-top_p=0.96-sample_count=2.csv
0.8232431725002056,0.6201056068527011,0.3046477356420245,51.49700598802395,prediction_SOL_15min-model=kronos-mini-lookback=24-pred_len=1-temperature=1.2-top_p=1.0-sample_count=2.csv
0.6825195776933546,0.5346859271497006,0.25791379204016385,51.45631067961165,prediction_SOL_15min-model=kronos-mini-lookback=216-pred_len=1-temperature=1.2-top_p=0.92-sample_count=100.csv
0.6954565051190661,0.5502707186109426,0.2653895698062415,51.45631067961165,prediction_SOL_15min-model=kronos-mini-lookback=216-pred_len=1-temperature=0.9-top_p=0.98-sample_count=100.csv
0.698174389011223,0.5510235238578327,0.26574137638421474,51.45631067961165,prediction_SOL_15min-model=kronos-mini-lookback=216-pred_len=1-temperature=1.0-top_p=0.9-sample_count=100.csv
0.7704656775547168,0.6075692410465955,0.293087366757775,51.45631067961165,prediction_SOL_15min-model=kronos-mini-lookback=216-pred_len=1-temperature=0.9-top_p=0.9-sample_count=2.csv
0.7771158376947008,0.6225995675787582,0.30071432943568177,51.45631067961165,prediction_SOL_15min-model=kronos-mini-lookback=216-pred_len=1-temperature=1.0-top_p=0.92-sample_count=2.csv
0.7932838599908664,0.632968345785295,0.3052377578093253,51.45631067961165,prediction_SOL_15min-model=kronos-mini-lookback=216-pred_len=1-temperature=1.0-top_p=0.96-sample_count=2.csv
0.8026531851709866,0.6137958103414495,0.2959320999277465,51.45631067961165,prediction_SOL_15min-model=kronos-mini-lookback=216-pred_len=1-temperature=1.0-top_p=1.0-sample_count=2.csv
0.8250017273166096,0.6475959701784975,0.3124125364733763,51.45631067961165,prediction_SOL_15min-model=kronos-mini-lookback=216-pred_len=1-temperature=1.2-top_p=1.0-sample_count=2.csv
0.7166581869691803,0.5422748158955533,0.26652200442159724,51.29740518962076,prediction_SOL_15min-model=kronos-mini-lookback=24-pred_len=1-temperature=1.2-top_p=0.92-sample_count=100.csv
0.7648215097965095,0.5898738466913835,0.28959861056403985,51.29740518962076,prediction_SOL_15min-model=kronos-mini-lookback=24-pred_len=1-temperature=1.0-top_p=0.98-sample_count=2.csv
0.7949329904696005,0.6068395620380312,0.2978679655796569,51.29740518962076,prediction_SOL_15min-model=kronos-mini-lookback=24-pred_len=1-temperature=0.9-top_p=1.0-sample_count=2.csv
0.9545433795714998,0.7567832701071685,0.36314445957742086,51.28205128205128,prediction_SOL_15min-model=kronos-mini-lookback=408-pred_len=1-temperature=1.1-top_p=0.9-sample_count=2.csv
0.8248743223575069,0.622905514139523,0.2981633557216914,51.173708920187785,prediction_SOL_15min-model=kronos-mini-lookback=312-pred_len=1-temperature=0.8-top_p=0.96-sample_count=2.csv
0.8394064569949108,0.6553099141725333,0.31367921709482915,51.173708920187785,prediction_SOL_15min-model=kronos-mini-lookback=312-pred_len=1-temperature=0.9-top_p=0.96-sample_count=2.csv
0.893244648435241,0.7090143914594295,0.339171723650087,51.173708920187785,prediction_SOL_15min-model=kronos-mini-lookback=312-pred_len=1-temperature=1.2-top_p=0.92-sample_count=2.csv
0.9290051166885707,0.6963021484374976,0.33325636159283684,51.173708920187785,prediction_SOL_15min-model=kronos-mini-lookback=312-pred_len=1-temperature=1.2-top_p=0.96-sample_count=2.csv
0.6919044157422213,0.5473828870063452,0.26398542681911025,51.1326860841424,prediction_SOL_15min-model=kronos-mini-lookback=216-pred_len=1-temperature=0.9-top_p=1.0-sample_count=100.csv
0.6942379755835739,0.543703157236046,0.26220125176532233,51.1326860841424,prediction_SOL_15min-model=kronos-mini-lookback=216-pred_len=1-temperature=1.1-top_p=0.9-sample_count=100.csv
0.6951049070775353,0.5438307862908328,0.2622581712159349,51.1326860841424,prediction_SOL_15min-model=kronos-mini-lookback=216-pred_len=1-temperature=1.2-top_p=0.96-sample_count=100.csv
0.753860690230336,0.5784000564788397,0.2841581085751327,50.898203592814376,prediction_SOL_15min-model=kronos-mini-lookback=24-pred_len=1-temperature=0.9-top_p=0.9-sample_count=2.csv
0.6940358141318121,0.5469106384474861,0.26375980495521584,50.80906148867314,prediction_SOL_15min-model=kronos-mini-lookback=216-pred_len=1-temperature=1.2-top_p=0.94-sample_count=100.csv
0.6941335081475968,0.5468012002395563,0.2636959409404333,50.80906148867314,prediction_SOL_15min-model=kronos-mini-lookback=216-pred_len=1-temperature=0.9-top_p=0.9-sample_count=100.csv
0.698721869672481,0.5505272223117663,0.2655060690757197,50.80906148867314,prediction_SOL_15min-model=kronos-mini-lookback=216-pred_len=1-temperature=0.9-top_p=0.92-sample_count=100.csv
0.7069716490246168,0.5390771805997381,0.264820727880462,50.69860279441117,prediction_SOL_15min-model=kronos-mini-lookback=24-pred_len=1-temperature=0.9-top_p=0.9-sample_count=100.csv
0.7677401614102866,0.5870833961471589,0.2881202322171163,50.69860279441117,prediction_SOL_15min-model=kronos-mini-lookback=24-pred_len=1-temperature=0.8-top_p=1.0-sample_count=2.csv
0.7677856434490937,0.5807695177516063,0.285461821552046,50.69860279441117,prediction_SOL_15min-model=kronos-mini-lookback=24-pred_len=1-temperature=0.9-top_p=0.94-sample_count=2.csv
0.7832373659789984,0.5921444622473798,0.2909624535794883,50.69860279441117,prediction_SOL_15min-model=kronos-mini-lookback=24-pred_len=1-temperature=1.0-top_p=0.94-sample_count=2.csv
0.799185695363939,0.6022944167816725,0.29612563037308653,50.69860279441117,prediction_SOL_15min-model=kronos-mini-lookback=24-pred_len=1-temperature=1.0-top_p=0.96-sample_count=2.csv
0.7904549487018714,0.61561697561005,0.29840742683613614,50.617283950617285,prediction_SOL_15min-model=kronos-mini-lookback=120-pred_len=1-temperature=1.2-top_p=0.96-sample_count=2.csv
0.6851960948088137,0.5380739878830404,0.2595888054497103,50.48543689320388,prediction_SOL_15min-model=kronos-mini-lookback=216-pred_len=1-temperature=1.0-top_p=0.96-sample_count=100.csv
0.6890011879902638,0.543791153339275,0.2622714660404492,50.48543689320388,prediction_SOL_15min-model=kronos-mini-lookback=216-pred_len=1-temperature=1.1-top_p=0.92-sample_count=100.csv
0.6924337065055742,0.5469719256453524,0.26382459149674603,50.48543689320388,prediction_SOL_15min-model=kronos-mini-lookback=216-pred_len=1-temperature=0.8-top_p=0.96-sample_count=100.csv
0.6951016576652023,0.5464513949199774,0.2635779443282473,50.48543689320388,prediction_SOL_15min-model=kronos-mini-lookback=216-pred_len=1-temperature=1.2-top_p=1.0-sample_count=100.csv
0.7986276690464719,0.6271948023330044,0.3025833522767314,50.48543689320388,prediction_SOL_15min-model=kronos-mini-lookback=216-pred_len=1-temperature=0.8-top_p=0.92-sample_count=2.csv
0.8043266235448548,0.6194329205855602,0.29888375745099466,50.48543689320388,prediction_SOL_15min-model=kronos-mini-lookback=216-pred_len=1-temperature=0.9-top_p=0.96-sample_count=2.csv
0.8101732905992858,0.6181306857902259,0.2983594357830251,50.48543689320388,prediction_SOL_15min-model=kronos-mini-lookback=216-pred_len=1-temperature=1.1-top_p=0.94-sample_count=2.csv
0.8294638748466128,0.6358617585709936,0.3066418180426695,50.48543689320388,prediction_SOL_15min-model=kronos-mini-lookback=216-pred_len=1-temperature=1.2-top_p=0.94-sample_count=2.csv
0.8536119913524928,0.6841291021885006,0.3282633642571657,50.427350427350426,prediction_SOL_15min-model=kronos-mini-lookback=408-pred_len=1-temperature=0.8-top_p=0.96-sample_count=2.csv
0.8918051873507435,0.7308590513571724,0.3503399672363261,50.427350427350426,prediction_SOL_15min-model=kronos-mini-lookback=408-pred_len=1-temperature=0.9-top_p=0.98-sample_count=2.csv
0.8989877501596978,0.7146416848207128,0.3431291268992469,50.427350427350426,prediction_SOL_15min-model=kronos-mini-lookback=408-pred_len=1-temperature=0.9-top_p=0.94-sample_count=2.csv
1.166187935234829,0.8592732839209367,0.41216670275720524,50.427350427350426,prediction_SOL_15min-model=kronos-mini-lookback=408-pred_len=1-temperature=1.2-top_p=1.0-sample_count=2.csv
0.738565252675154,0.568097890323592,0.2751661827434565,50.37037037037037,prediction_SOL_15min-model=kronos-mini-lookback=120-pred_len=1-temperature=1.0-top_p=0.98-sample_count=2.csv
0.7969385314787092,0.6252584214650851,0.3030169368392968,50.37037037037037,prediction_SOL_15min-model=kronos-mini-lookback=120-pred_len=1-temperature=0.9-top_p=1.0-sample_count=2.csv
0.7560019372445949,0.5710172502163648,0.280671885185833,50.29940119760479,prediction_SOL_15min-model=kronos-mini-lookback=24-pred_len=1-temperature=0.9-top_p=0.92-sample_count=2.csv
0.6955971322205335,0.5462232052108607,0.2634809467858664,50.161812297734635,prediction_SOL_15min-model=kronos-mini-lookback=216-pred_len=1-temperature=1.0-top_p=0.94-sample_count=100.csv
0.6961413480504204,0.5501643305806281,0.26532700560551564,50.161812297734635,prediction_SOL_15min-model=kronos-mini-lookback=216-pred_len=1-temperature=0.8-top_p=0.9-sample_count=100.csv
0.8059497643496841,0.6153545657457263,0.2970844184417715,50.161812297734635,prediction_SOL_15min-model=kronos-mini-lookback=216-pred_len=1-temperature=1.2-top_p=0.96-sample_count=2.csv
0.8273718937562308,0.6312246791407512,0.30453717195876906,50.161812297734635,prediction_SOL_15min-model=kronos-mini-lookback=216-pred_len=1-temperature=0.8-top_p=0.98-sample_count=2.csv
0.7389759899632945,0.570343878098475,0.27648388312252786,50.123456790123456,prediction_SOL_15min-model=kronos-mini-lookback=120-pred_len=1-temperature=0.8-top_p=1.0-sample_count=2.csv
0.7431868129209046,0.5687901043475121,0.27541718957628636,50.123456790123456,prediction_SOL_15min-model=kronos-mini-lookback=120-pred_len=1-temperature=0.9-top_p=0.98-sample_count=2.csv
0.7527859253212243,0.5877188488618809,0.2846819722072868,50.123456790123456,prediction_SOL_15min-model=kronos-mini-lookback=120-pred_len=1-temperature=1.1-top_p=0.9-sample_count=2.csv
0.7684615611431487,0.5771984087001784,0.28355662058720504,50.0998003992016,prediction_SOL_15min-model=kronos-mini-lookback=24-pred_len=1-temperature=1.1-top_p=0.94-sample_count=2.csv
0.82362785077886,0.6164295271273863,0.3033659114545155,50.0998003992016,prediction_SOL_15min-model=kronos-mini-lookback=24-pred_len=1-temperature=1.2-top_p=0.94-sample_count=2.csv
0.7501082397553158,0.5710038033492479,0.27668658700248305,49.876543209876544,prediction_SOL_15min-model=kronos-mini-lookback=120-pred_len=1-temperature=0.9-top_p=0.96-sample_count=2.csv
0.69655275021925,0.5441886336342024,0.2624218416401741,49.83818770226537,prediction_SOL_15min-model=kronos-mini-lookback=216-pred_len=1-temperature=1.1-top_p=0.94-sample_count=100.csv
0.8021944545040226,0.6355686100734469,0.3065396566567324,49.83818770226537,prediction_SOL_15min-model=kronos-mini-lookback=216-pred_len=1-temperature=0.9-top_p=0.92-sample_count=2.csv
0.8099408063925246,0.6539726378406903,0.3154568473252982,49.83818770226537,prediction_SOL_15min-model=kronos-mini-lookback=216-pred_len=1-temperature=1.2-top_p=0.92-sample_count=2.csv
0.8298631389620723,0.6529322962514665,0.312511205100755,49.76525821596244,prediction_SOL_15min-model=kronos-mini-lookback=312-pred_len=1-temperature=1.0-top_p=0.92-sample_count=2.csv
0.9632226380081936,0.7375792549240743,0.3528084910997455,49.76525821596244,prediction_SOL_15min-model=kronos-mini-lookback=312-pred_len=1-temperature=1.2-top_p=1.0-sample_count=2.csv
0.7402073055572435,0.5703628068335267,0.2763899224910291,49.629629629629626,prediction_SOL_15min-model=kronos-mini-lookback=120-pred_len=1-temperature=0.9-top_p=0.92-sample_count=2.csv
0.9057989992365743,0.7100431302584144,0.34088598678615595,49.572649572649574,prediction_SOL_15min-model=kronos-mini-lookback=408-pred_len=1-temperature=1.1-top_p=0.92-sample_count=2.csv
0.9186980446335544,0.7258766038161031,0.3481562654464122,49.572649572649574,prediction_SOL_15min-model=kronos-mini-lookback=408-pred_len=1-temperature=1.0-top_p=0.96-sample_count=2.csv
0.9409414294703782,0.7280440655048083,0.34945037413674396,49.572649572649574,prediction_SOL_15min-model=kronos-mini-lookback=408-pred_len=1-temperature=1.1-top_p=1.0-sample_count=2.csv
0.6864186318129468,0.537975184804181,0.2595111289376754,49.51456310679612,prediction_SOL_15min-model=kronos-mini-lookback=216-pred_len=1-temperature=1.2-top_p=0.98-sample_count=100.csv
0.6884949298254945,0.5359301973509568,0.25845605427150353,49.51456310679612,prediction_SOL_15min-model=kronos-mini-lookback=216-pred_len=1-temperature=1.1-top_p=0.96-sample_count=100.csv
0.8118159948515041,0.6385229435300379,0.30784583177061997,49.51456310679612,prediction_SOL_15min-model=kronos-mini-lookback=216-pred_len=1-temperature=1.2-top_p=0.9-sample_count=2.csv
0.8152760165826389,0.6236523902078266,0.3008545848586508,49.51456310679612,prediction_SOL_15min-model=kronos-mini-lookback=216-pred_len=1-temperature=1.0-top_p=0.94-sample_count=2.csv
0.7836308195513493,0.6028727734375,0.2922394237279711,49.382716049382715,prediction_SOL_15min-model=kronos-mini-lookback=120-pred_len=1-temperature=1.0-top_p=1.0-sample_count=2.csv
0.7851760291917517,0.6139885894700047,0.2975003153277441,49.382716049382715,prediction_SOL_15min-model=kronos-mini-lookback=120-pred_len=1-temperature=1.1-top_p=0.94-sample_count=2.csv
0.8840333554898089,0.6863166489005641,0.32842169068249993,49.29577464788733,prediction_SOL_15min-model=kronos-mini-lookback=312-pred_len=1-temperature=1.2-top_p=0.94-sample_count=2.csv
0.9054674404822082,0.7328063554504097,0.35069292684048775,49.29577464788733,prediction_SOL_15min-model=kronos-mini-lookback=312-pred_len=1-temperature=1.2-top_p=0.9-sample_count=2.csv
0.9094144855924087,0.7155322210607384,0.3425934324147929,49.29577464788733,prediction_SOL_15min-model=kronos-mini-lookback=312-pred_len=1-temperature=1.1-top_p=0.92-sample_count=2.csv
0.783592895248663,0.6204751078485292,0.29921457152868836,49.19093851132686,prediction_SOL_15min-model=kronos-mini-lookback=216-pred_len=1-temperature=0.8-top_p=0.94-sample_count=2.csv
0.6572099324249908,0.5099862495780296,0.24718282504896982,49.135802469135804,prediction_SOL_15min-model=kronos-mini-lookback=120-pred_len=1-temperature=1.1-top_p=1.0-sample_count=100.csv
0.7038787037444167,0.5569417745707951,0.2699699152023382,49.135802469135804,prediction_SOL_15min-model=kronos-mini-lookback=120-pred_len=1-temperature=0.8-top_p=0.94-sample_count=2.csv
0.7924656941110386,0.6029314038427054,0.2961582814957353,49.101796407185624,prediction_SOL_15min-model=kronos-mini-lookback=24-pred_len=1-temperature=1.1-top_p=0.96-sample_count=2.csv
0.7749810671559594,0.5801286850127875,0.28505418710708436,48.902195608782435,prediction_SOL_15min-model=kronos-mini-lookback=24-pred_len=1-temperature=1.0-top_p=0.92-sample_count=2.csv
0.6550847573891935,0.5109084904875567,0.2476647515392561,48.888888888888886,prediction_SOL_15min-model=kronos-mini-lookback=120-pred_len=1-temperature=1.1-top_p=0.98-sample_count=100.csv
0.657779875081609,0.5126467964530284,0.2484745518007331,48.888888888888886,prediction_SOL_15min-model=kronos-mini-lookback=120-pred_len=1-temperature=1.0-top_p=1.0-sample_count=100.csv
0.7664684549416336,0.5804387689284339,0.28115943014798983,48.888888888888886,prediction_SOL_15min-model=kronos-mini-lookback=120-pred_len=1-temperature=1.0-top_p=0.96-sample_count=2.csv
0.8024105753118282,0.6198731534529327,0.3005775539726238,48.888888888888886,prediction_SOL_15min-model=kronos-mini-lookback=120-pred_len=1-temperature=1.2-top_p=0.92-sample_count=2.csv
0.686169779896788,0.538681956111575,0.25982518616110434,48.86731391585761,prediction_SOL_15min-model=kronos-mini-lookback=216-pred_len=1-temperature=1.2-top_p=0.9-sample_count=100.csv
0.8211767642887967,0.6377874166445421,0.3075474263304586,48.86731391585761,prediction_SOL_15min-model=kronos-mini-lookback=216-pred_len=1-temperature=0.8-top_p=1.0-sample_count=2.csv
0.7138162669686013,0.5610233919873656,0.27196845608560993,48.641975308641975,prediction_SOL_15min-model=kronos-mini-lookback=120-pred_len=1-temperature=0.9-top_p=0.9-sample_count=2.csv
0.7727265807078194,0.6088092003880958,0.29356783073758097,48.54368932038835,prediction_SOL_15min-model=kronos-mini-lookback=216-pred_len=1-temperature=0.8-top_p=0.9-sample_count=2.csv
0.8074916724041139,0.613425026655673,0.30145718734237825,48.50299401197605,prediction_SOL_15min-model=kronos-mini-lookback=24-pred_len=1-temperature=1.1-top_p=0.98-sample_count=2.csv
0.6575666032903134,0.5106156875120572,0.24746220988788847,48.39506172839506,prediction_SOL_15min-model=kronos-mini-lookback=120-pred_len=1-temperature=0.8-top_p=1.0-sample_count=100.csv
0.6575673356653428,0.5099167352068856,0.24711530975569437,48.39506172839506,prediction_SOL_15min-model=kronos-mini-lookback=120-pred_len=1-temperature=1.0-top_p=0.92-sample_count=100.csv
0.751549287047299,0.5852170112967786,0.2838299713252165,48.39506172839506,prediction_SOL_15min-model=kronos-mini-lookback=120-pred_len=1-temperature=0.8-top_p=0.9-sample_count=2.csv
0.8871808783241015,0.6934885871708112,0.3318215512205846,48.35680751173709,prediction_SOL_15min-model=kronos-mini-lookback=312-pred_len=1-temperature=1.1-top_p=0.94-sample_count=2.csv
0.8295141086821811,0.6566359190116821,0.316601999429485,48.22006472491909,prediction_SOL_15min-model=kronos-mini-lookback=216-pred_len=1-temperature=0.9-top_p=1.0-sample_count=2.csv
0.8375924094946174,0.6673803336430518,0.32191321310933046,48.22006472491909,prediction_SOL_15min-model=kronos-mini-lookback=216-pred_len=1-temperature=1.1-top_p=0.92-sample_count=2.csv
0.6573040538427283,0.5087849770326941,0.24661024138952042,48.148148148148145,prediction_SOL_15min-model=kronos-mini-lookback=120-pred_len=1-temperature=1.1-top_p=0.96-sample_count=100.csv
0.6602737700885377,0.512864352876639,0.24857359557068875,48.148148148148145,prediction_SOL_15min-model=kronos-mini-lookback=120-pred_len=1-temperature=1.2-top_p=0.94-sample_count=100.csv
0.7642432929551751,0.5850962758077594,0.28724994368013296,48.10379241516966,prediction_SOL_15min-model=kronos-mini-lookback=24-pred_len=1-temperature=0.8-top_p=0.9-sample_count=2.csv
0.655244167182492,0.5116468044102048,0.2479730474247494,47.901234567901234,prediction_SOL_15min-model=kronos-mini-lookback=120-pred_len=1-temperature=1.2-top_p=0.98-sample_count=100.csv
0.6560161046654873,0.5135660850694443,0.24887367389239118,47.901234567901234,prediction_SOL_15min-model=kronos-mini-lookback=120-pred_len=1-temperature=1.2-top_p=0.9-sample_count=100.csv
0.7454201170879348,0.5884623349488826,0.28534943309859045,47.901234567901234,prediction_SOL_15min-model=kronos-mini-lookback=120-pred_len=1-temperature=1.0-top_p=0.94-sample_count=2.csv
0.7782895656705621,0.6062581967954296,0.2938775643380091,47.901234567901234,prediction_SOL_15min-model=kronos-mini-lookback=120-pred_len=1-temperature=1.1-top_p=0.98-sample_count=2.csv
0.6977535706059668,0.5506627614437951,0.265546047133348,47.896440129449836,prediction_SOL_15min-model=kronos-mini-lookback=216-pred_len=1-temperature=1.0-top_p=0.98-sample_count=100.csv
0.8320791292312346,0.667287824019647,0.32195561920208426,47.896440129449836,prediction_SOL_15min-model=kronos-mini-lookback=216-pred_len=1-temperature=1.1-top_p=1.0-sample_count=2.csv
0.918122278889612,0.7278076659010073,0.3481829559713685,47.88732394366197,prediction_SOL_15min-model=kronos-mini-lookback=312-pred_len=1-temperature=1.2-top_p=0.98-sample_count=2.csv
0.9311168912398023,0.7341941692124063,0.3522747477111338,47.863247863247864,prediction_SOL_15min-model=kronos-mini-lookback=408-pred_len=1-temperature=0.8-top_p=0.92-sample_count=2.csv
0.6546173815382393,0.5103292743899493,0.24732442648030206,47.654320987654316,prediction_SOL_15min-model=kronos-mini-lookback=120-pred_len=1-temperature=1.2-top_p=1.0-sample_count=100.csv
0.6605908345765521,0.5133027993586032,0.24878515717159144,47.654320987654316,prediction_SOL_15min-model=kronos-mini-lookback=120-pred_len=1-temperature=1.0-top_p=0.96-sample_count=100.csv
0.6631357127058859,0.519818116259164,0.2519401397048581,47.654320987654316,prediction_SOL_15min-model=kronos-mini-lookback=120-pred_len=1-temperature=1.1-top_p=0.92-sample_count=100.csv
0.7519127052223571,0.5924202493248476,0.28751891151272285,47.654320987654316,prediction_SOL_15min-model=kronos-mini-lookback=120-pred_len=1-temperature=0.9-top_p=0.94-sample_count=2.csv
0.7584630528120355,0.6557658284505286,0.31447889689084146,47.61904761904761,prediction_SOL_15min-model=kronos-mini-lookback=504-pred_len=1-temperature=0.8-top_p=1.0-sample_count=100.csv
0.7707313881433675,0.6515456833612374,0.31240118145172757,47.61904761904761,prediction_SOL_15min-model=kronos-mini-lookback=504-pred_len=1-temperature=1.1-top_p=0.9-sample_count=100.csv
0.7756967134944194,0.6767967994326647,0.3246007049169811,47.61904761904761,prediction_SOL_15min-model=kronos-mini-lookback=504-pred_len=1-temperature=1.2-top_p=0.96-sample_count=100.csv
0.7819446548353705,0.6721770193917393,0.3223142717284596,47.61904761904761,prediction_SOL_15min-model=kronos-mini-lookback=504-pred_len=1-temperature=0.8-top_p=0.96-sample_count=100.csv
0.784593516213486,0.6716124441964336,0.321941401248795,47.61904761904761,prediction_SOL_15min-model=kronos-mini-lookback=504-pred_len=1-temperature=0.9-top_p=0.98-sample_count=100.csv
0.7852624894643105,0.6756625627790229,0.3239454515822303,47.61904761904761,prediction_SOL_15min-model=kronos-mini-lookback=504-pred_len=1-temperature=0.8-top_p=0.92-sample_count=100.csv
0.7890187260186143,0.6699187186104948,0.3212387686818747,47.61904761904761,prediction_SOL_15min-model=kronos-mini-lookback=504-pred_len=1-temperature=0.8-top_p=0.94-sample_count=100.csv
0.7890593386638627,0.6826678001767083,0.3272901685756704,47.61904761904761,prediction_SOL_15min-model=kronos-mini-lookback=504-pred_len=1-temperature=0.8-top_p=0.98-sample_count=100.csv
0.7958875623222003,0.6763971644810318,0.3243128759916243,47.61904761904761,prediction_SOL_15min-model=kronos-mini-lookback=504-pred_len=1-temperature=0.8-top_p=0.9-sample_count=100.csv
0.8059536923545474,0.6798565499441988,0.32602602967805555,47.61904761904761,prediction_SOL_15min-model=kronos-mini-lookback=504-pred_len=1-temperature=0.9-top_p=0.94-sample_count=100.csv
0.8682639390125461,0.7560680396670462,0.36255152450786526,47.61904761904761,prediction_SOL_15min-model=kronos-mini-lookback=504-pred_len=1-temperature=1.0-top_p=0.96-sample_count=2.csv
0.8974742724637594,0.7319678373790927,0.3509787137270824,47.61904761904761,prediction_SOL_15min-model=kronos-mini-lookback=504-pred_len=1-temperature=0.8-top_p=0.98-sample_count=2.csv
0.9374740350695975,0.7431183442615341,0.35641450042099665,47.61904761904761,prediction_SOL_15min-model=kronos-mini-lookback=504-pred_len=1-temperature=1.0-top_p=0.98-sample_count=2.csv
1.0592304617386532,0.8547504185267837,0.4100135976425674,47.61904761904761,prediction_SOL_15min-model=kronos-mini-lookback=504-pred_len=1-temperature=1.2-top_p=0.92-sample_count=2.csv
0.6603613496956716,0.5152001457007146,0.2496929908960567,47.40740740740741,prediction_SOL_15min-model=kronos-mini-lookback=120-pred_len=1-temperature=0.9-top_p=0.96-sample_count=100.csv
0.7979463457543208,0.6381088735240935,0.3078476325943237,47.249190938511326,prediction_SOL_15min-model=kronos-mini-lookback=216-pred_len=1-temperature=0.8-top_p=0.96-sample_count=2.csv
0.656570756901986,0.5127168081476657,0.2485142058880656,47.160493827160494,prediction_SOL_15min-model=kronos-mini-lookback=120-pred_len=1-temperature=1.0-top_p=0.94-sample_count=100.csv
0.6614249732080597,0.5166712451774715,0.250426764061906,47.160493827160494,prediction_SOL_15min-model=kronos-mini-lookback=120-pred_len=1-temperature=1.0-top_p=0.98-sample_count=100.csv
0.8256720554215404,0.6430540855878663,0.31164209617934574,47.160493827160494,prediction_SOL_15min-model=kronos-mini-lookback=120-pred_len=1-temperature=1.2-top_p=0.98-sample_count=2.csv
0.6521715164237994,0.5090052872419945,0.24673531274686925,46.913580246913575,prediction_SOL_15min-model=kronos-mini-lookback=120-pred_len=1-temperature=1.2-top_p=0.96-sample_count=100.csv
0.6543713548462706,0.5136959036820011,0.24897765152976856,46.913580246913575,prediction_SOL_15min-model=kronos-mini-lookback=120-pred_len=1-temperature=1.1-top_p=0.9-sample_count=100.csv
0.6580419762242655,0.513103594413098,0.24867464114309157,46.913580246913575,prediction_SOL_15min-model=kronos-mini-lookback=120-pred_len=1-temperature=1.0-top_p=0.9-sample_count=100.csv
0.660367461057041,0.5159205266203694,0.25006342973254325,46.913580246913575,prediction_SOL_15min-model=kronos-mini-lookback=120-pred_len=1-temperature=0.8-top_p=0.94-sample_count=100.csv
0.6619605292986485,0.5180193809678831,0.2510983459377798,46.913580246913575,prediction_SOL_15min-model=kronos-mini-lookback=120-pred_len=1-temperature=0.9-top_p=0.94-sample_count=100.csv
0.6621248945434545,0.518101698857062,0.25115720668118036,46.666666666666664,prediction_SOL_15min-model=kronos-mini-lookback=120-pred_len=1-temperature=0.9-top_p=0.9-sample_count=100.csv
0.6641138406396347,0.5162181671971464,0.25021993736846543,46.666666666666664,prediction_SOL_15min-model=kronos-mini-lookback=120-pred_len=1-temperature=0.9-top_p=1.0-sample_count=100.csv
0.7988206480827471,0.6104525572675543,0.29585188703075177,46.666666666666664,prediction_SOL_15min-model=kronos-mini-lookback=120-pred_len=1-temperature=1.2-top_p=0.9-sample_count=2.csv
0.8844846710392136,0.6602012815875783,0.32020187768326613,46.666666666666664,prediction_SOL_15min-model=kronos-mini-lookback=120-pred_len=1-temperature=1.1-top_p=1.0-sample_count=2.csv
0.6646399633181511,0.5190262612123845,0.2515688545343858,46.41975308641975,prediction_SOL_15min-model=kronos-mini-lookback=120-pred_len=1-temperature=0.9-top_p=0.92-sample_count=100.csv
0.7278720885114769,0.5739688938922647,0.2780713775559549,46.41975308641975,prediction_SOL_15min-model=kronos-mini-lookback=120-pred_len=1-temperature=0.8-top_p=0.98-sample_count=2.csv
0.6567296844135944,0.5127946685112855,0.24854319463959848,46.17283950617284,prediction_SOL_15min-model=kronos-mini-lookback=120-pred_len=1-temperature=1.2-top_p=0.92-sample_count=100.csv
0.6611414484381389,0.5164462470462007,0.25037399968617535,46.17283950617284,prediction_SOL_15min-model=kronos-mini-lookback=120-pred_len=1-temperature=0.8-top_p=0.96-sample_count=100.csv
0.6621620967925472,0.5135534633005396,0.24892334328524904,45.925925925925924,prediction_SOL_15min-model=kronos-mini-lookback=120-pred_len=1-temperature=1.1-top_p=0.94-sample_count=100.csv
0.6662466167928589,0.5194921867163385,0.25179448776298397,45.925925925925924,prediction_SOL_15min-model=kronos-mini-lookback=120-pred_len=1-temperature=0.8-top_p=0.92-sample_count=100.csv
0.7966308282248672,0.6110246379798995,0.30034540028054857,45.70858283433134,prediction_SOL_15min-model=kronos-mini-lookback=24-pred_len=1-temperature=1.0-top_p=0.9-sample_count=2.csv
0.6651152354710447,0.5182857679277596,0.2512192308647908,45.67901234567901,prediction_SOL_15min-model=kronos-mini-lookback=120-pred_len=1-temperature=0.9-top_p=0.98-sample_count=100.csv
0.7301657140639323,0.5702771897304206,0.276371297048897,45.4320987654321,prediction_SOL_15min-model=kronos-mini-lookback=120-pred_len=1-temperature=0.8-top_p=0.92-sample_count=2.csv
0.9839979444808423,0.7596086271367508,0.36466141191793977,45.2991452991453,prediction_SOL_15min-model=kronos-mini-lookback=408-pred_len=1-temperature=1.2-top_p=0.94-sample_count=2.csv
0.6661674286461986,0.5187881388044935,0.2514622161819975,45.18518518518518,prediction_SOL_15min-model=kronos-mini-lookback=120-pred_len=1-temperature=0.8-top_p=0.9-sample_count=100.csv
0.7574960056159419,0.5981319355830433,0.28990803518045005,44.93827160493827,prediction_SOL_15min-model=kronos-mini-lookback=120-pred_len=1-temperature=1.0-top_p=0.92-sample_count=2.csv
0.7742285238470994,0.606223872251157,0.29393737085386007,44.93827160493827,prediction_SOL_15min-model=kronos-mini-lookback=120-pred_len=1-temperature=1.2-top_p=0.94-sample_count=2.csv
0.6609628079623594,0.5142616362847234,0.24928645898591079,44.44444444444444,prediction_SOL_15min-model=kronos-mini-lookback=120-pred_len=1-temperature=0.8-top_p=0.98-sample_count=100.csv
0.7384411009638575,0.6251160074869828,0.2997462904192983,42.857142857142854,prediction_SOL_15min-model=kronos-mini-lookback=504-pred_len=1-temperature=1.0-top_p=0.98-sample_count=100.csv
0.7385052657691296,0.6500430559430813,0.311633143244378,42.857142857142854,prediction_SOL_15min-model=kronos-mini-lookback=504-pred_len=1-temperature=1.1-top_p=1.0-sample_count=100.csv
0.766983196369501,0.6497989153180813,0.3115556387770345,42.857142857142854,prediction_SOL_15min-model=kronos-mini-lookback=504-pred_len=1-temperature=0.9-top_p=1.0-sample_count=100.csv
0.768393082716382,0.6596045038132423,0.31633933010409515,42.857142857142854,prediction_SOL_15min-model=kronos-mini-lookback=504-pred_len=1-temperature=1.2-top_p=0.98-sample_count=100.csv
0.7718951364630979,0.6659274553571398,0.31930953590772154,42.857142857142854,prediction_SOL_15min-model=kronos-mini-lookback=504-pred_len=1-temperature=1.0-top_p=0.94-sample_count=100.csv
0.776337659134503,0.6848893868582593,0.32836124841086156,42.857142857142854,prediction_SOL_15min-model=kronos-mini-lookback=504-pred_len=1-temperature=0.9-top_p=1.0-sample_count=2.csv
0.7819810364526718,0.6640477178664458,0.3183972140636119,42.857142857142854,prediction_SOL_15min-model=kronos-mini-lookback=504-pred_len=1-temperature=1.2-top_p=0.94-sample_count=100.csv
0.7853446450449976,0.6725032668340811,0.32247079175106685,42.857142857142854,prediction_SOL_15min-model=kronos-mini-lookback=504-pred_len=1-temperature=1.0-top_p=0.9-sample_count=100.csv
0.7863505590242503,0.6707516682942624,0.32132483143027035,42.857142857142854,prediction_SOL_15min-model=kronos-mini-lookback=504-pred_len=1-temperature=1.1-top_p=0.9-sample_count=2.csv
0.7906464263288258,0.68531483677456,0.32856109949819534,42.857142857142854,prediction_SOL_15min-model=kronos-mini-lookback=504-pred_len=1-temperature=0.9-top_p=0.96-sample_count=100.csv
0.7926870847027224,0.6716676664806611,0.3220399345811618,42.857142857142854,prediction_SOL_15min-model=kronos-mini-lookback=504-pred_len=1-temperature=1.1-top_p=0.98-sample_count=100.csv
0.8664245804870067,0.6654945417131687,0.31936075452750196,42.857142857142854,prediction_SOL_15min-model=kronos-mini-lookback=504-pred_len=1-temperature=0.9-top_p=0.92-sample_count=2.csv
0.899321122878467,0.7646214890252966,0.36657391572013454,42.857142857142854,prediction_SOL_15min-model=kronos-mini-lookback=504-pred_len=1-temperature=1.0-top_p=0.9-sample_count=2.csv
0.9800270187305877,0.8443259509858708,0.4048999696330175,42.857142857142854,prediction_SOL_15min-model=kronos-mini-lookback=504-pred_len=1-temperature=1.0-top_p=0.92-sample_count=2.csv
0.7615396416506459,0.6557941662016366,0.31443278236889227,38.095238095238095,prediction_SOL_15min-model=kronos-mini-lookback=504-pred_len=1-temperature=1.2-top_p=0.9-sample_count=100.csv
0.7625182659236881,0.6651466936383932,0.31893042780983855,38.095238095238095,prediction_SOL_15min-model=kronos-mini-lookback=504-pred_len=1-temperature=1.2-top_p=1.0-sample_count=100.csv
0.7710254938371359,0.6592034156436062,0.31612355741936643,38.095238095238095,prediction_SOL_15min-model=kronos-mini-lookback=504-pred_len=1-temperature=1.0-top_p=0.92-sample_count=100.csv
0.778869596899979,0.6560749802362273,0.314648278314316,38.095238095238095,prediction_SOL_15min-model=kronos-mini-lookback=504-pred_len=1-temperature=1.1-top_p=0.96-sample_count=100.csv
0.7906876713475115,0.6790398414248549,0.325567994865523,38.095238095238095,prediction_SOL_15min-model=kronos-mini-lookback=504-pred_len=1-temperature=1.1-top_p=0.94-sample_count=100.csv
0.8071058700370336,0.7065361793154812,0.3387322251382345,38.095238095238095,prediction_SOL_15min-model=kronos-mini-lookback=504-pred_len=1-temperature=1.0-top_p=0.96-sample_count=100.csv
0.9298256544979833,0.8098865443638474,0.38826697053273307,38.095238095238095,prediction_SOL_15min-model=kronos-mini-lookback=504-pred_len=1-temperature=0.8-top_p=0.94-sample_count=2.csv
0.9526576398095261,0.8045489560081898,0.38607217881620964,38.095238095238095,prediction_SOL_15min-model=kronos-mini-lookback=504-pred_len=1-temperature=1.1-top_p=0.96-sample_count=2.csv
0.9586600746817234,0.8148502952938927,0.39041759060237724,38.095238095238095,prediction_SOL_15min-model=kronos-mini-lookback=504-pred_len=1-temperature=1.1-top_p=1.0-sample_count=2.csv
0.9660776560400326,0.7931386951264924,0.37987097956424015,38.095238095238095,prediction_SOL_15min-model=kronos-mini-lookback=504-pred_len=1-temperature=1.1-top_p=0.98-sample_count=2.csv
1.0278893381625318,0.8955215192522336,0.42936140567457604,38.095238095238095,prediction_SOL_15min-model=kronos-mini-lookback=504-pred_len=1-temperature=0.9-top_p=0.96-sample_count=2.csv
1.0794715278056872,0.9246215180896594,0.4432472768809629,38.095238095238095,prediction_SOL_15min-model=kronos-mini-lookback=504-pred_len=1-temperature=1.2-top_p=0.96-sample_count=2.csv
0.9590762551125687,0.8147549409412245,0.3905759155480172,33.33333333333333,prediction_SOL_15min-model=kronos-mini-lookback=504-pred_len=1-temperature=1.1-top_p=0.94-sample_count=2.csv
1.01893508741378,0.8981082240513464,0.4302013808589909,33.33333333333333,prediction_SOL_15min-model=kronos-mini-lookback=504-pred_len=1-temperature=1.2-top_p=1.0-sample_count=2.csv
1.0454654250085367,0.9249798932756713,0.4429122531716868,33.33333333333333,prediction_SOL_15min-model=kronos-mini-lookback=504-pred_len=1-temperature=1.1-top_p=0.92-sample_count=2.csv
1.0766474100715997,0.8962634393601222,0.4298242208220419,33.33333333333333,prediction_SOL_15min-model=kronos-mini-lookback=504-pred_len=1-temperature=1.2-top_p=0.94-sample_count=2.csv
0.9184602326524521,0.8140083414713556,0.39021971101351344,28.57142857142857,prediction_SOL_15min-model=kronos-mini-lookback=504-pred_len=1-temperature=1.0-top_p=0.94-sample_count=2.csv
